﻿<?xml version="1.0" encoding="utf-8" ?>
<Defs>

  <FactionDef>
		<defName>OodKindFaction</defName>
		<label>Ood Kind</label>
    <description>A free colony of the usually captive Ood Kind.</description>
    <pawnsPlural>Ood Kind</pawnsPlural>
    <baseSelectionWeight>.75</baseSelectionWeight>
    <requiredCountAtGameStart>1</requiredCountAtGameStart>
    <canMakeRandomly>true</canMakeRandomly>
    <canSiege>false</canSiege>
    <canStageAttacks>false</canStageAttacks>
    <leaderTitle>Elder Ood</leaderTitle>
	<!--<hidden>true</hidden>-->
    <startingGoodwill>
      <min>10</min>
      <max>40</max>
    </startingGoodwill>
	<factionNameMaker>NamerFactionTribal</factionNameMaker>
	<baseNameMaker>NamerFactionBaseTribal</baseNameMaker>
	<techLevel>Medieval</techLevel>
	<backstoryCategory>OodBackstory</backstoryCategory>
	<hairTags>
		<li>Urban</li>
	</hairTags>
    <naturalColonyGoodwill>
      <min>-60</min>
      <max>0</max>
    </naturalColonyGoodwill>
   <caravanTraderKinds>
      <li>Caravan_Outlander_BulkGoods</li>
      <li>Caravan_Outlander_CombatSupplier</li>
      <li>Caravan_Outlander_Exotic</li>
    </caravanTraderKinds>
    <baseTraderKinds>
      <li>Base_Outlander_Standard</li>
    </baseTraderKinds>
    <allowedArrivalTemperatureRange>
      <min>-50</min>
      <max>45</max>
    </allowedArrivalTemperatureRange>
    <pawnGroupMakers>
      <li>
        <kindDef>Normal</kindDef>
        <options>
          <Ood>50</Ood>
        </options>
      </li>
	  <li>
      <kindDef>Trader</kindDef>
        <traders>
			<Ood>50</Ood>
        </traders>
        <carriers>
          <Muffalo>2</Muffalo>
          <Dromedary>2</Dromedary>
        </carriers>
        <guards>
			<Ood>50</Ood>
        </guards>
      </li>
	  <li>
        <kindDef>FactionBase</kindDef>
        <options>
			<Ood>100</Ood>
        </options>
      </li>
    </pawnGroupMakers>
    <homeIconPath>World/OodIcon</homeIconPath>
	<expandingIconTexture>World/OodIcon</expandingIconTexture>
  </FactionDef>

</Defs>