﻿<?xml version="1.0" encoding="utf-8" ?>
<Defs>

  <BodyPartDef>
    <defName>OodTentacles</defName>
    <label>tentacles</label>
    <hitPoints>20</hitPoints>
    <oldInjuryBaseChance>0</oldInjuryBaseChance>
    <skinCovered>false</skinCovered>
    <beautyRelated>true</beautyRelated>
    <tags>
      <li>EatingSource</li>
    </tags>
  </BodyPartDef>

  <BodyPartDef>
    <defName>OodHindbrain</defName>
    <label>Translation Sphere</label>
    <hitPoints>20</hitPoints>
    <oldInjuryBaseChance>0.08</oldInjuryBaseChance>
    <bleedingRateMultiplier>5</bleedingRateMultiplier>
    <skinCovered>false</skinCovered>
    <tags>
      <li>TalkingSource</li>
    </tags>
    <dontSuggestAmputation>false</dontSuggestAmputation>
  </BodyPartDef>
  
</Defs>